canonical_supplier,known_aliases
Siemens AG,Siemens AG | siemens | Siemens GmbH | SIEMENS | Siem. AG
Acme Industrial Supplies,Acme Industrial Supplies | ACME Ind. | Acme Supply Co | ACME
Northstar Office Products,Northstar Office Products | North Star Office | NORTHSTAR | Northstar Co.
Vertex Technology Ltd,Vertex Technology Ltd | Vertex Tech | VERTEX TECHNOLOGY | Vertex Ltd.
Global Freight Partners,Global Freight Partners | Global Freight | GFP Logistics | Global Frt. Ptnrs
Bluebird Facilities Group,Bluebird Facilities Group | Blue Bird Facilities | Bluebird FM | BLUEBIRD
Pinnacle Safety Equipment,Pinnacle Safety Equipment | Pinnacle Safety | Pinnacle PPE | Pinnacle Equip.
Meridian Energy Services,Meridian Energy Services | Meridian Energy | Meridian Utilities | MERIDIAN
Apex Packaging Europe,Apex Packaging Europe | Apex Packaging | APEX Pack. | Apex Pkg Europe
Cedar Consulting Group,Cedar Consulting Group | Cedar Consulting | CEDAR CG | Cedar Consult.
Harbor Scientific Supply,Harbor Scientific Supply | Harbour Scientific | Harbor Sci. | HSS
Redwood Telecom Services,Redwood Telecom Services | Redwood Telecom | Redwood Telco | REDWOOD
Summit Vehicle Leasing,Summit Vehicle Leasing | Summit Leasing | Summit Fleet | SUMMIT VL
Orchard Maintenance Co,Orchard Maintenance Co | Orchard Maint. | Orchard Services | ORCHARD
